aa,hydrophobicity,mass,abundance,pI
A,1.80,89.094,8.76,6
R,-4.50,174.203,5.78,10.76
N,-3.50,132.119,3.93,5.41
D,-3.50,133.104,5.49,2.77
C,2.50,121.154,1.38,5.07
E,-3.50,147.131,6.32,3.22
Q,-3.50,146.146,3.9,5.41
G,-0.40,75.067,7.03,5.97
H,-3.20,155.156,2.26,7.59
I,4.50,131.175,5.49,6.02
L,3.80,131.175,9.68,5.98
K,-3.90,146.189,5.19,9.74
M,1.90,149.208,2.32,5.74
F,2.80,165.192,3.87,5.48
P,-1.60,115.132,5.02,6.3
S,-0.80,105.093,7.14,5.68
T,-0.70,119.119,5.53,5.6
W,-0.90,204.228,1.25,5.89
Y,-1.30,181.191,2.91,5.66
V,4.20,117.148,6.73,5.96
-,0.00,0,0,0
,,,,
,,,,